{"cameraMode":{"drawMode":0,"name":"Shaded","section":"Shading Mode"},"sceneLighting":true,"audioPlay":false,"sceneViewState":{"m_AlwaysRefresh":false,"showFog":true,"showSkybox":true,"showFlares":true,"showImageEffects":true,"showParticleSystems":true,"showVisualEffectGraphs":true,"m_FxEnabled":true},"in2DMode":false,"pivot":{"x":-0.17336910963058473,"y":1.6305058002471924,"z":3.0786023139953615},"rotation":{"x":0.03268254175782204,"y":0.011090945452451706,"z":0.00036280849599279463,"w":-0.9994058012962341},"size":0.7476940751075745,"orthographic":false}