{"cameraMode":{"drawMode":0,"name":"Shaded","section":"Shading Mode"},"sceneLighting":true,"audioPlay":false,"sceneViewState":{"m_AlwaysRefresh":false,"showFog":true,"showSkybox":true,"showFlares":true,"showImageEffects":true,"showParticleSystems":true,"showVisualEffectGraphs":true,"m_FxEnabled":true},"in2DMode":false,"pivot":{"x":0.34333112835884097,"y":1.6324243545532227,"z":2.9089889526367189},"rotation":{"x":-0.03030523657798767,"y":0.0005968253826722503,"z":-0.00002201750066888053,"w":-0.9995489716529846},"size":1.0437259674072266,"orthographic":false}