{"cameraMode":{"drawMode":0,"name":"Shaded","section":"Shading Mode"},"sceneLighting":true,"audioPlay":false,"sceneViewState":{"m_AlwaysRefresh":false,"showFog":true,"showSkybox":true,"showFlares":true,"showImageEffects":true,"showParticleSystems":true,"showVisualEffectGraphs":true,"m_FxEnabled":true},"in2DMode":false,"pivot":{"x":0.7709137797355652,"y":1.5911906957626343,"z":2.899977207183838},"rotation":{"x":-0.030295979231595994,"y":0.024583525955677034,"z":-0.0007492670556530356,"w":-0.9992467164993286},"size":0.8031127452850342,"orthographic":false}