{"cameraMode":{"drawMode":0,"name":"Shaded","section":"Shading Mode"},"sceneLighting":true,"audioPlay":false,"sceneViewState":{"m_AlwaysRefresh":false,"showFog":true,"showSkybox":true,"showFlares":true,"showImageEffects":true,"showParticleSystems":true,"showVisualEffectGraphs":true,"m_FxEnabled":true},"in2DMode":false,"pivot":{"x":-0.2517872750759125,"y":-3.226625919342041,"z":2.985502243041992},"rotation":{"x":0.0647621601819992,"y":0.010470647364854813,"z":-0.0006859881104901433,"w":0.9978779554367065},"size":0.11965765804052353,"orthographic":false}