{"cameraMode":{"drawMode":0,"name":"Shaded","section":"Shading Mode"},"sceneLighting":true,"audioPlay":false,"sceneViewState":{"m_AlwaysRefresh":false,"showFog":true,"showSkybox":true,"showFlares":true,"showImageEffects":true,"showParticleSystems":true,"showVisualEffectGraphs":true,"m_FxEnabled":true},"in2DMode":false,"pivot":{"x":-0.20975396037101746,"y":-3.26957368850708,"z":2.985569953918457},"rotation":{"x":-0.004190858919173479,"y":0.017994791269302369,"z":0.00005250052345218137,"w":0.9998649954795837},"size":0.12229880690574646,"orthographic":false}