{"cameraMode":{"drawMode":0,"name":"Shaded","section":"Shading Mode"},"sceneLighting":true,"audioPlay":false,"sceneViewState":{"m_AlwaysRefresh":false,"showFog":true,"showSkybox":true,"showFlares":true,"showImageEffects":true,"showParticleSystems":true,"showVisualEffectGraphs":true,"m_FxEnabled":true},"in2DMode":false,"pivot":{"x":0.08096752315759659,"y":1.7032365798950196,"z":0.6454261541366577},"rotation":{"x":0.032684747129678729,"y":0.002095895353704691,"z":0.00006370628398144618,"w":-0.9994730949401856},"size":0.7453398704528809,"orthographic":false}