{"cameraMode":{"drawMode":0,"name":"Shaded","section":"Shading Mode"},"sceneLighting":false,"audioPlay":false,"sceneViewState":{"m_AlwaysRefresh":false,"showFog":true,"showSkybox":false,"showFlares":true,"showImageEffects":true,"showParticleSystems":true,"showVisualEffectGraphs":true,"m_FxEnabled":true},"in2DMode":false,"pivot":{"x":0.015963077545166017,"y":-3.371621608734131,"z":3.1665000915527345},"rotation":{"x":0.10063398629426956,"y":-0.011944776400923729,"z":0.0012118276208639145,"w":0.9948804974555969},"size":3.746823787689209,"orthographic":false}