{"cameraMode":{"drawMode":0,"name":"Shaded","section":"Shading Mode"},"sceneLighting":false,"audioPlay":false,"sceneViewState":{"m_AlwaysRefresh":false,"showFog":true,"showSkybox":false,"showFlares":true,"showImageEffects":true,"showParticleSystems":true,"showVisualEffectGraphs":true,"m_FxEnabled":true},"in2DMode":false,"pivot":{"x":-0.02874755859375,"y":590.98876953125,"z":0.003322775010019541},"rotation":{"x":0.04679092392325401,"y":-0.008995520882308483,"z":0.000423183519160375,"w":0.9988856315612793},"size":0.09810427576303482,"orthographic":false}