{"cameraMode":{"drawMode":0,"name":"Shaded","section":"Shading Mode"},"sceneLighting":false,"audioPlay":false,"sceneViewState":{"m_AlwaysRefresh":false,"showFog":true,"showSkybox":false,"showFlares":true,"showImageEffects":true,"showParticleSystems":true,"showVisualEffectGraphs":true,"m_FxEnabled":true},"in2DMode":false,"pivot":{"x":0.03216552734375,"y":509.9906005859375,"z":0.00325754564255476},"rotation":{"x":0.04679092392325401,"y":-0.008995520882308483,"z":0.000423183519160375,"w":0.9988856315612793},"size":0.19048075377941132,"orthographic":false}