{"cameraMode":{"drawMode":0,"name":"Shaded","section":"Shading Mode"},"sceneLighting":false,"audioPlay":false,"sceneViewState":{"m_AlwaysRefresh":false,"showFog":true,"showSkybox":false,"showFlares":true,"showImageEffects":true,"showParticleSystems":true,"showVisualEffectGraphs":true,"m_FxEnabled":true},"in2DMode":false,"pivot":{"x":358.33331298828127,"y":149.6666717529297,"z":4.6067352294921879},"rotation":{"x":0.005689833778887987,"y":-0.012902372516691685,"z":-0.00007331214874284342,"w":-0.9999024271965027},"size":28.6716251373291,"orthographic":false}